Workbook

Sheet Planificación
A1: PROYECTO: GESTIÓN DE FESTIVALES Y VENTA DE ENTRADAS (WEB SOLUTIONS SL)
A2: Catálogo de Requisitos y Especificaciones - Hito 3 (Semana 3)
A4: ID Épica | B4: ID Hist. / Tarea | C4: Nombre / Título | D4: Historia de Usuario / Descripción | E4: Tipo | F4: Prioridad MoSCoW | G4: Predecesores | H4: Esfuerzo Final (h-p) | I4: Responsable | J4: Tarifa (€/h) | K4: Coste Total (€) | L4: Iteración Planificada
A5: EP-001 | B5: US-001 | C5: Registro e inicio de sesión de usuarios | D5: Como usuario, quiero registrarme e iniciar sesión con mi correo electrónico y contraseña, para acceder a las funcionalidades personalizadas del sistema. | E5: Funcional | F5: Must | G5: — | H5: 10 | I5: (Historia padre) | L5: IT-001
A6: EP-001 | B6: TK-001-1 | C6: Backend API Auth | D6: Desarrollo de endpoints de registro y login | E6: Tarea | F6: Must | G6: — | H6: 5 | I6: Justo Cilleros | J6: 25 | K6: =IF(J6="", "", H6*J6) -> 125 | L6: IT-001
A7: EP-001 | B7: TK-001-2 | C7: Frontend Auth form | D7: Maquetación y conexión de formularios | E7: Tarea | F7: Must | G7: TK-001-1 | H7: 3 | I7: Álvaro Martín | J7: 35 | K7: =IF(J7="", "", H7*J7) -> 105 | L7: IT-001
A8: EP-001 | B8: TK-001-3 | C8: Testing Auth | D8: Pruebas unitarias y de integración | E8: Tarea | F8: Must | G8: TK-001-2 | H8: 2 | I8: Manuel Carvajal | J8: 30 | K8: =IF(J8="", "", H8*J8) -> 60 | L8: IT-001
A9: EP-001 | B9: US-002 | C9: Gestión de roles y permisos diferidos | D9: Como usuario del sistema, quiero tener un rol asignado (Guest, Cliente, Organizador, Proveedor, Admin) con interfaces y permisos específicos, para interactuar de forma segura según mi perfil. | E9: Funcional | F9: Must | G9: US-001 | H9: 14 | I9: (Historia padre) | L9: IT-001
A10: EP-001 | B10: TK-002-1 | C10: DB Roles Setup | D10: Configuración de esquema de roles en BBDD | E10: Tarea | F10: Must | G10: US-001 | H10: 4 | I10: Álvaro Martín | J10: 35 | K10: =IF(J10="", "", H10*J10) -> 140 | L10: IT-001
A11: EP-001 | B11: TK-002-2 | C11: Middleware Auth | D11: Lógica de validación de JWT y roles | E11: Tarea | F11: Must | G11: TK-002-1 | H11: 6 | I11: Justo Cilleros | J11: 25 | K11: =IF(J11="", "", H11*J11) -> 150 | L11: IT-001
A12: EP-001 | B12: TK-002-3 | C12: Test Roles | D12: Verificación de accesos denegados/permitidos | E12: Tarea | F12: Must | G12: TK-002-2 | H12: 4 | I12: Manuel Carvajal | J12: 30 | K12: =IF(J12="", "", H12*J12) -> 120 | L12: IT-001
A13: EP-001 | B13: US-004 | C13: Autenticación mediante OAuth 2.0 | D13: Como usuario, quiero iniciar sesión mediante proveedores externos (Google, Apple) con OAuth 2.0, para agilizar el proceso de acceso sin crear contraseñas adicionales. | E13: Técnico | F13: Must | G13: US-001 | H13: 16 | I13: (Historia padre) | L13: IT-001
A14: EP-001 | B14: TK-004-1 | C14: Config OAuth Providers | D14: Alta y configuración de credenciales en Google/Apple | E14: Tarea | F14: Must | G14: US-001 | H14: 3 | I14: Javier García | J14: 35 | K14: =IF(J14="", "", H14*J14) -> 105 | L14: IT-001
A15: EP-001 | B15: TK-004-2 | C15: Backend OAuth logic | D15: Callbacks y validación de tokens externos | E15: Tarea | F15: Must | G15: TK-004-1 | H15: 5 | I15: Justo Cilleros | J15: 25 | K15: =IF(J15="", "", H15*J15) -> 125 | L15: IT-001
A16: EP-001 | B16: TK-004-3 | C16: Frontend OAuth flow | D16: Botones sociales y redirección | E16: Tarea | F16: Must | G16: TK-004-1 | H16: 5 | I16: Manuel Carvajal | J16: 30 | K16: =IF(J16="", "", H16*J16) -> 150 | L16: IT-001
A17: EP-001 | B17: TK-004-4 | C17: Documentación OAuth | D17: Documentar variables de entorno y arquitectura | E17: Tarea | F17: Must | G17: TK-004-3 | H17: 3 | I17: Jaime Arias | J17: 30 | K17: =IF(J17="", "", H17*J17) -> 90 | L17: IT-001
A18: EP-002 | B18: US-006 | C18: Catálogo, Búsqueda y Detalle de Festivales | D18: Como usuario (Guest o Cliente), quiero ver, buscar festivales por nombre, fecha o artista y acceder a su ficha detallada, para informarme y comprar entradas. | E18: Funcional | F18: Must | G18: — | H18: 14 | I18: Equipo | J18: 30 | K18: =IF(J18="", "", H18*J18) -> 420 | L18: IT-002
A19: EP-003 | B19: US-008 | C19: Publicación y gestión de eventos y entradas | D19: Como Organizador, quiero dar de alta, editar y publicar festivales con sus diferentes tipos de entradas, para ponerlos a la venta en la plataforma. | E19: Funcional | F19: Must | G19: US-002 | H19: 18 | I19: Equipo | J19: 30 | K19: =IF(J19="", "", H19*J19) -> 540 | L19: IT-002
A20: EP-004 | B20: US-009 | C20: Consulta y reserva de recintos por Proveedores | D20: Como Proveedor, quiero consultar la disponibilidad de recintos/espacios y reservarlos, para prestar mis servicios durante los festivales. | E20: Funcional | F20: Must | G20: US-002 | H20: 16 | I20: Equipo | J20: 30 | K20: =IF(J20="", "", H20*J20) -> 480 | L20: IT-003
A21: EP-005 | B21: US-014 | C21: Gestión global de la plataforma por Administrador | D21: Como Administrador, quiero supervisar y gestionar usuarios, festivales, entradas y catálogo de productos, para garantizar el correcto funcionamiento de la plataforma. | E21: Funcional | F21: Must | G21: US-002 | H21: 18 | I21: Equipo | J21: 30 | K21: =IF(J21="", "", H21*J21) -> 540 | L21: IT-003
A22: EP-004 | B22: US-010 | C22: Venta y gestión de catálogo de merchandising | D22: Como Proveedor, quiero publicar y gestionar mis artículos de merchandising, para venderlos a los asistentes del festival a través de la web. | E22: Funcional | F22: Must | G22: US-002 | H22: 14 | I22: Equipo | J22: 30 | K22: =IF(J22="", "", H22*J22) -> 420 | L22: IT-004
A23: EP-004 | B23: US-011 | C23: Alertas de stock bajo para Proveedores | D23: Como Proveedor, quiero recibir avisos automáticos cuando las unidades de un producto sean escasas, para reponer inventario a tiempo. | E23: Técnico | F23: Must | G23: US-010 | H23: 12 | I23: Equipo | J23: 30 | K23: =IF(J23="", "", H23*J23) -> 360 | L23: IT-004
A24: EP-004 | B24: US-013 | C24: Historial y reporte de ventas de mercancía | D24: Como Proveedor, quiero ver el listado y métricas de mis ventas de artículos recientes, para analizar el rendimiento de mis productos. | E24: Funcional | F24: Must | G24: US-010 | H24: 10 | I24: Equipo | J24: 30 | K24: =IF(J24="", "", H24*J24) -> 300 | L24: IT-004
A25: EP-001 | B25: US-003 | C25: Consulta y modificación de perfil de Cliente | D25: Como Cliente, quiero consultar y actualizar mis datos personales (nombre, dirección, correo), para mantener mi información actualizada. | E25: Funcional | F25: Should | G25: US-001 | H25: 6 | I25: Equipo | J25: 30 | K25: =IF(J25="", "", H25*J25) -> 180 | L25: IT-004
... A31: EP-004 | B31: US-012 | C31: Panel e historial de participación en festivales | D31: Como Proveedor, quiero consultar el historial de festivales en los que he participado con mis recintos, para llevar un control de mi actividad histórica. | E31: Funcional | F31: Could | G31: US-009 | H31: 8 | I31: Equipo | J31: 30 | K31: =IF(J31="", "", H31*J31) -> 240 | L31: IT-006

Sheet Capacidad IT-001
A1: Miembro del Equipo | B1: Capacidad Semanal (h) | C1: Tarifa (€/h) | D1: Carga IT-001 (h) | E1: Estado
A2: Javier García | B2: 5 | C2: 35 | D2: =SUMIFS('Planificación'!H:H, 'Planificación'!I:I, A2, 'Planificación'!L:L, "IT-001") -> 3 | E2: =IF(D2>B2, "Sobrecargado", "OK") -> OK
A3: Jaime Arias | B3: 5 | C3: 30 | D3: =SUMIFS('Planificación'!H:H, 'Planificación'!I:I, A3, 'Planificación'!L:L, "IT-001") -> 3 | E3: =IF(D3>B3, "Sobrecargado", "OK") -> OK
A4: Álvaro Martín | B4: 10 | C4: 35 | D4: =SUMIFS('Planificación'!H:H, 'Planificación'!I:I, A4, 'Planificación'!L:L, "IT-001") -> 7 | E4: =IF(D4>B4, "Sobrecargado", "OK") -> OK
A5: Manuel Carvajal | B5: 11.25 | C5: 30 | D5: =SUMIFS('Planificación'!H:H, 'Planificación'!I:I, A5, 'Planificación'!L:L, "IT-001") -> 11 | E5: =IF(D5>B5, "Sobrecargado", "OK") -> OK
A6: Justo Cilleros | B6: 16.25 | C6: 25 | D6: =SUMIFS('Planificación'!H:H, 'Planificación'!I:I, A6, 'Planificación'!L:L, "IT-001") -> 16 | E6: =IF(D6>B6, "Sobrecargado", "OK") -> OK
